method,selected_count,top_k,selection_scope,avg_rank,objective_score
orig,24,24,csv_subset,12.958333333333334,-12.958333333333334
new,24,24,csv_subset,12.958333333333334,-12.958333333333334
